,S5INFT Index,S5FINL Index,S5HLTH Index,S5COND Index,S5TELS Index,S5INDU Index,S5CONS Index,S5ENRS Index,S5MATR Index,S5UTIL Index,S5RLST Index
4/18/2022,2583.12,617.14,1597.73,1411.012,223.46,842.21,817.81,616.8,559.69,384.59,304.24
4/19/2022,2630.64,625.28,1612.58,1452.086,228.08,857.43,829.84,610.86,564.89,386.94,310.69
4/20/2022,2627.16,629.57,1634.24,1432.403,218.8,862.09,841.99,613.39,568.78,390.02,316.44
4/21/2022,2581.78,619.9,1616.16,1414.749,213.52,853.46,841.1,594.35,559.25,383.81,314.44
4/22/2022,2509.65,601.3,1557.49,1381.158,206.48,832.24,827.69,579.9,538.4,377.35,308.86
4/25/2022,2545.76,602.29,1567.84,1391.876,209.63,832.25,831.07,560.53,536.83,374.63,307.38
4/26/2022,2451.28,586.94,1538.04,1322.469,203,814,818.77,560.78,528.52,370.73,302.81
4/27/2022,2484.58,586.34,1536.24,1321.527,197.69,816.88,820.98,569.08,536.34,369.02,300.82
4/28/2022,2584.89,593.95,1557,1352.182,205.37,826.23,832.69,586.92,544.71,373.1,306.38
4/29/2022,2478,573.7,1518.45,1272.147,198.03,804.56,810.5,572.41,533.97,361.88,291.38
5/2/2022,2516.69,573.82,1508.12,1289.459,202.83,805.92,800.05,580.24,532.21,358.1,283.96
5/3/2022,2521.23,581.06,1513.2,1285.708,203.92,811.56,798.13,596.87,538.18,359.43,287.5
5/4/2022,2609.8,598.6,1546.47,1322.387,211.42,834.85,815.41,621.43,555.64,367.4,290.63
5/5/2022,2481.2,581.15,1516.14,1245.494,202.78,812.62,799.96,612.77,538.35,363.46,283.27
5/6/2022,2461.48,576.98,1511.65,1229.224,200.13,807.37,799.62,630.62,531,366.37,280.38
5/9/2022,2364.58,562.8,1472.8,1176.899,195.25,787.95,800.02,578.26,513.8,363.54,267.43
5/10/2022,2401.85,558.31,1477.69,1173.4,196.89,782.85,793.97,583.66,510.79,359.02,261.32
5/11/2022,2322.64,552.71,1468.22,1131.554,193.92,775.59,791.23,591.63,510.94,361.78,260.89
5/12/2022,2296.19,548.8,1481.8,1140.545,194.91,776.66,790.76,592.21,509.98,357.6,262.83
5/13/2022,2375.29,556.31,1497.4,1187.298,199.81,786.26,802,612.25,517.8,361.51,269.54
5/16/2022,2353.7,551.98,1507.75,1162.175,198.63,784.94,805.64,628.31,516.83,362.69,267.38
5/17/2022,2422.23,566.84,1528.58,1193.296,202.25,802.83,796.36,635.5,531.63,366.41,270.18
5/18/2022,2307.39,550.98,1488.88,1114.573,195.36,772.7,745.55,618.02,514.75,362.64,262.22
5/19/2022,2282.62,547.15,1492.11,1116.013,194.22,765.4,730.82,616.28,518.27,361.84,261.69
5/20/2022,2285.75,546.49,1510.91,1098.913,193.79,757.2,732.76,618.93,517.15,362.82,264.8
5/23/2022,2339.85,564.16,1523.06,1105.913,197.3,769.57,748.13,635.51,526.7,367.22,268.02
5/24/2022,2303.19,562.83,1526.94,1077.395,189.99,768.63,760.56,638.09,523.51,374.61,271.25
5/25/2022,2331.05,567.34,1526.67,1107.371,191.66,773.54,760.84,650.62,525.95,374.38,272.78
5/26/2022,2388.15,580.1,1533.01,1160.271,195.62,788.97,769.45,658.06,535.52,375.4,272.51
5/27/2022,2470.27,590.46,1559.34,1200.502,200.75,805.12,777.86,669.03,547.81,380.97,280.2
5/31/2022,2452.89,588.47,1537.92,1209.685,201.56,798.27,772.2,658,539.06,375.72,276.44
6/1/2022,2444.75,578.63,1516.03,1199.486,200.16,793.32,762.06,669.6,533.52,375.11,273.4
6/2/2022,2504.39,586.81,1527.83,1235.795,205.32,808.34,772.53,667.6,547.83,377.37,277.41
6/3/2022,2442.38,577.81,1510.43,1200.563,200.46,805.43,764.48,676.93,542.46,375.72,273.96
6/6/2022,2443.41,580.02,1510.38,1212.902,202.42,808.67,764.9,676.16,547.73,377.41,273.16
6/7/2022,2473.11,584.01,1530.06,1208.395,203.45,819.64,768.11,697.38,551.69,379.59,276.31
6/8/2022,2445.63,574.06,1518.1,1200.18,203.4,804.65,758.71,698.43,540.1,372.06,269.59
6/9/2022,2379,559.1,1483.32,1176.702,197.8,788.81,747.32,682.35,527.19,362.99,263.42
6/10/2022,2286.44,538.67,1459.09,1127.719,192.17,765.48,744.53,670.72,511.12,360.2,257.1
6/13/2022,2184.29,522.78,1415.21,1075.199,183.65,742.31,728.27,636.32,491.07,343.53,244.81
6/14/2022,2197.85,517.85,1400.14,1072.55,183.13,740.45,718.89,636.74,486.95,334.65,242.34
6/15/2022,2245.55,524.26,1414.45,1104.97,187.46,747.92,719.48,623.21,487.09,336.92,247.99
6/16/2022,2153.2,510.78,1392.94,1052.382,180.99,722.66,714.75,588.41,469.3,330.3,241.66
6/17/2022,2174.44,512.37,1393.22,1065.212,183.37,720.96,711.82,555.65,468.8,327.17,243.21
6/21/2022,2229.58,522.73,1430.06,1095.272,186.34,733.82,730.94,584.19,475.67,333.44,247.79
6/22/2022,2220.43,521.39,1450.41,1093.763,186.74,729.9,730.45,559.71,469.51,336.89,251.62
6/23/2022,2252.33,519.01,1482.55,1111.475,188.77,726.06,744.75,538.75,462.93,344.8,256.67
6/24/2022,2332.79,538.72,1506.72,1153.04,196.2,751.42,758.61,547.02,481.35,350.86,261.97
6/27/2022,2317.98,536.37,1512.6,1140.528,194.14,749.55,756.91,562.24,477.47,353.69,261.28
6/28/2022,2248.29,531.41,1486.34,1094.577,188.47,740.94,746.82,577.42,472.37,352.42,257.65
6/29/2022,2252.87,528.01,1499.33,1094.649,188.97,736.35,750.49,557.6,468.91,352.58,255.69
6/30/2022,2222.96,523.35,1494.31,1077.779,186.03,738.41,750.05,546.24,463.16,356.45,255.77
7/1/2022,2228.5,530.85,1512.47,1098.956,187.29,745.11,760.77,554.1,466.26,365.29,260.53
7/5/2022,2256.15,528.33,1503.57,1124.003,192.28,733.72,756.46,531.86,456.93,352.75,259.25
7/6/2022,2276.11,527,1513.46,1121.297,193.09,738.19,758.08,522.6,459.75,356.31,259.28
7/7/2022,2323.08,534.7,1520.49,1149.161,196.92,746.95,758.66,540.94,463.99,355.97,259.45
7/8/2022,2324.75,533.64,1524.54,1148.969,196.5,743.51,757.23,540.87,459.36,354.81,258.02
7/11/2022,2291.69,529.21,1521.01,1117.2324,191,738.54,756.14,536.07,458.13,357.08,258.04
7/12/2022,2261.05,525.77,1500.83,1109.079,190.08,736.16,753.79,525.18,457.16,355.25,256.53
7/13/2022,2256.1,520.89,1486.75,1118.617,188.04,727.32,753.86,524.46,454.65,353.69,255.13
7/14/2022,2276.99,510.91,1481.27,1117.899,186.06,723.08,755.1,514.5,446.06,353.74,252.58
7/15/2022,2317.03,528.83,1517.51,1136.971,190.09,734.53,758.09,524.27,453.29,354.46,256.87
7/18/2022,2293.23,526.04,1484.9,1139.447,188.01,730.13,750.62,534.56,454.3,349.5,254.1
7/19/2022,2363.75,542.19,1511.68,1174.622,194.84,756.29,758.75,551.46,468.41,351.87,261.31
7/20/2022,2400.58,543.93,1495.67,1195.355,196.81,761.87,753.22,557.06,468.95,347.08,259.92
7/21/2022,2434.35,547.41,1518.19,1222.212,196.4,767.07,755.96,547.63,475.53,348.09,262.55
7/22/2022,2400.75,544.18,1512.34,1214.177,187.88,764.72,761.15,542.8,472.06,352.85,264.62
7/25/2022,2386.05,547.74,1520.65,1203.883,187.35,768.31,764.63,562.96,474.09,357.29,264.8
7/26/2022,2348.25,540.14,1529.01,1164.086,183.51,764.25,761.01,558.02,470.97,359.46,265.34
7/27/2022,2449.09,548.46,1538.91,1208.906,192.89,776.32,766.95,570.32,476.87,359.85,266.79
7/28/2022,2484.18,552.29,1547.32,1229.065,191.47,792.4,779.12,572.88,484.91,372.55,276.66
7/29/2022,2522.61,560.04,1541.88,1281.509,192.55,808.28,773.5,598.74,491.31,375.65,277.49
8/1/2022,2517.48,555.04,1530.65,1288.075,191.74,809.29,782.83,585.67,487.31,376.03,275.02
8/2/2022,2500.01,549.11,1524.99,1279.015,191.4,800.77,777.06,584.46,482.39,375.2,271.44
8/3/2022,2567.28,557.29,1539.08,1311.187,196.15,808.58,781.6,567.12,483.01,377.75,272.55
8/4/2022,2577.94,555.37,1531.48,1318.302,196.51,811.11,775.44,546.73,483.24,378.2,272.89
8/5/2022,2571.77,559.73,1531.03,1296.453,194.79,812.82,774.28,557.88,484.99,377.08,273.75
8/8/2022,2549.16,558.72,1534.48,1300.289,195.51,812.2,773.78,560.62,487.64,377.53,275.68
8/9/2022,2523.61,561.88,1529.96,1280.319,194.11,809.19,773.16,570.57,485.17,381.54,277.71
8/10/2022,2593.61,574.9,1547.08,1317.113,199.48,827.15,778.9,574.62,499.13,383.27,281.71
8/11/2022,2581.05,580.75,1536.03,1308.408,199.5,830.99,776.4,592.94,500.51,382.73,280.16
8/12/2022,2634.59,590.24,1556.18,1338.4482,203.52,843.18,783.55,597.7,509.91,388.62,284.97
8/15/2022,2651.08,590.35,1563.79,1346.5985,204.5,845.16,791.8,585.86,509.45,391.78,286.33
8/16/2022,2643.49,594.4,1559.64,1361.277,204.37,848.93,801.36,583.87,512.43,392.84,285.13
8/17/2022,2624.87,591.27,1549.82,1346.018,200.59,842.34,799.49,588.58,505.27,392.25,284.29
8/18/2022,2637.8,592.03,1543.1,1345.504,200.51,845.08,801.52,603.46,506.58,393.59,282.17
8/19/2022,2589.56,580.07,1547.34,1317.255,196.85,834.36,798.74,603.6,497.42,393.39,279.45
8/22/2022,2517.54,567.36,1525.95,1279.801,191.6,818.13,789.91,602.1,489.5,387.98,273.59
8/23/2022,2511.16,565.22,1504.74,1283.911,190.24,819.66,786.33,623.9,494.28,385.54,269.61
8/24/2022,2512.16,568.16,1506.51,1288.6911,190.96,822.33,788.21,631.38,495.49,386.89,271.53
8/25/2022,2554.27,576.78,1523.11,1305.343,194.9,834.87,791.8,636.19,506.7,389.19,275.76
8/26/2022,2444.95,559.28,1480.51,1254.714,187.37,805.58,772.14,629.38,490.81,383.18,268.76
8/29/2022,2413.74,555.03,1470.07,1247.906,185.9,802.04,771.04,639.1,487.44,384.12,266.42
8/30/2022,2387.7,552.68,1460.37,1234.058,184.43,790.2,763.4,617.6,479.11,378.51,262.55
8/31/2022,2364.72,547.82,1451.16,1221.062,184.44,783.36,758.99,611.8,473.3,375.93,261.64
9/1/2022,2353.44,549.81,1475.12,1231.625,186.38,784.43,764.38,597.72,466.75,381.26,262.56
9/2/2022,2323.07,545.25,1453.94,1221.297,182.92,776.67,753.74,608.54,466.33,377.17,258.16
9/6/2022,2307.3,543.68,1454.24,1217.256,180.61,777.89,748.96,601.95,464.8,378.02,260.78
9/7/2022,2344.04,554.68,1478.5,1254.698,184.31,790.56,762.22,595,477.49,389.89,265.79
9/8/2022,2351.97,564.34,1504.72,1265.853,183.5,792.76,760.92,597.95,482.17,389.43,266.34
9/9/2022,2398.39,569.13,1517.2,1289.975,188.14,803,768.24,612.19,489.37,391.06,268.83
9/12/2022,2437.59,574.07,1526.98,1307.327,188.98,807.86,771.41,623.3,493.69,394.81,271.13
9/13/2022,2307.27,552.45,1477,1239.144,178.33,777.27,745.9,608.02,476.21,384.19,260.72
9/14/2022,2317.38,551.08,1477.1,1255.196,178.99,775.84,745.11,625.34,470.37,387.29,257.1
9/15/2022,2262.4,552.81,1485.16,1246.836,177.1,767.56,738.51,609.47,464.08,377.51,251.34
9/16/2022,2251.62,547.46,1481.14,1236.399,176.05,751.77,740.39,596.27,456.82,376.13,251.42
9/19/2022,2270.06,553.57,1473.11,1253.006,176.82,761.79,745.24,596.73,464.26,381.08,250.88
9/20/2022,2258.58,545.52,1456.05,1231.861,173.98,752.38,741.26,592.89,455.45,375.59,244.43
9/21/2022,2222.38,534.02,1431.5,1202.637,169.99,742.32,738.72,584.21,445.45,370.42,240.59
9/22/2022,2200.51,525.13,1438.88,1176.63,170.09,731.27,737.29,581.88,439.91,369,238.32
9/23/2022,2170.76,516.93,1431.15,1149.64,167.08,717.6,724.5,542.61,430.9,364.66,235.22
9/26/2022,2156.27,508.21,1416.72,1147.573,164.89,709.46,724.55,528.64,423.83,355.81,229.04
9/27/2022,2161,506.7,1413.68,1150.92,163.71,707.27,711.81,534.79,424.79,349.75,226.1
9/28/2022,2180.9,516.36,1444.73,1183.209,168.91,723.1,720.27,558.34,435.95,353.59,230.34
9/29/2022,2121.09,509.98,1431.45,1143.25,164.75,709.87,708.45,557.6,429.27,339.19,223.72
9/30/2022,2079.85,504.39,1411.36,1122.313,162.01,700.6,695.78,552.56,427.77,332.52,225.94
10/3/2022,2145.31,518.7,1441.49,1125.044,166.83,722,707.87,584.45,442.32,342.46,230.15
10/4/2022,2216.14,538.36,1475.06,1165.039,171.37,747.2,718.73,609.84,457.98,349.83,233.88
10/5/2022,2224.09,533.71,1479.95,1158.711,170.31,742.89,714.4,622.39,452.98,341.96,229.43
10/6/2022,2205.13,525.95,1460.69,1150.473,169.2,734.78,703.95,633.72,448.36,330.68,222.09
10/7/2022,2113.92,513.66,1429.73,1109.733,164.39,720.66,693.02,629.14,436.96,323.77,216.56
10/10/2022,2080.96,511.19,1420.46,1102.948,163.63,723.01,695.04,616.18,438.03,324.32,213.98
10/11/2022,2049.38,504.56,1428.76,1093.991,160.95,723.1,701.5,611.54,434.81,323.44,216.16
10/12/2022,2042.38,503.18,1421.19,1096.542,160.95,717.22,704.85,616.12,431.31,312.39,213.16
10/13/2022,2106.03,524.01,1453.26,1107.269,164.53,732.98,716.18,641.24,443.87,320.35,217.08
10/14/2022,2045.59,514.7,1441.15,1064.354,161.34,716.63,703.05,617.48,428.72,315.42,211.45
10/17/2022,2108.81,527.96,1466.18,1109.37,166.73,732.72,710.88,625.03,439.62,322.26,219.68
10/18/2022,2126.34,536.64,1474.48,1125.103,167.62,750.01,720.21,629.74,448.03,328.03,222.47
10/19/2022,2120.82,528.08,1454.08,1111.866,167.42,744.84,717.44,648.23,442.96,323.89,216.78
10/20/2022,2122.21,519.73,1442.25,1092.493,168.02,730.61,707.22,649.41,439.86,315.76,215.89
10/21/2022,2178.4,534.91,1474.11,1124.42,169.45,749.96,718.21,667.35,455.08,321.57,217.36
10/24/2022,2208.42,542.12,1502.28,1129.796,170.98,760.09,731.08,670.52,452.24,324.21,217.17
10/25/2022,2251.11,548.53,1514.03,1156.26,175.04,770.33,740.34,670.22,463.67,330.77,225.72
10/26/2022,2200.83,550.14,1530.99,1144.026,166.72,772.98,745.15,679.34,466.76,330.64,225.38
10/27/2022,2173.33,554.25,1522.18,1135.781,159.85,781.82,745.43,681.19,465.53,332.9,225.37
10/28/2022,2271.63,568.03,1547.85,1132.371,164.62,800.42,761.97,685.71,470.3,342.4,230.77
10/31/2022,2241.13,563.91,1546.64,1124.523,161.86,797.71,757.25,689.83,466.12,339.18,230.25
11/1/2022,2221.76,566.21,1547.57,1109.338,158.93,797.24,755.15,696.69,467.22,340.55,229.76
11/2/2022,2144.63,558.94,1521.37,1067.263,154.1,783.19,742.08,681.01,455.2,337.08,223.75
11/3/2022,2080.35,552.97,1514.72,1057.839,149.74,791.34,739.6,694.92,458.73,338.58,223.78
11/4/2022,2115.17,563.29,1523.29,1066.958,152.38,803.92,748.01,701.99,474.35,340.51,226.67
11/7/2022,2149.86,568.37,1539.41,1060.386,155.16,812.48,754.52,714.13,478.09,333.91,226.51
11/8/2022,2169.59,571.7,1547.16,1057.178,155.73,819.46,757.1,714.51,486.12,336.21,227.98
11/9/2022,2112.06,562,1530.84,1024.237,152.77,807.6,748.54,679.63,478.42,333.38,225.5
11/10/2022,2287.95,590.86,1570.5,1103.074,162.43,841.77,766.93,694.74,504.97,349.24,242.96
11/11/2022,2327.4,595.51,1550.4,1130.234,166.45,840.9,765.85,716.02,510.85,345.24,242.7
11/14/2022,2304.92,586.34,1550.94,1110.931,166.01,835.18,758.89,712.28,509.79,340.85,236.28
11/15/2022,2333.42,588.01,1549.85,1124.693,168.96,841.64,767.14,720.16,509.21,344.51,239.2
11/16/2022,2299.69,585.36,1547.86,1108.272,168.01,835.1,770.67,704.68,504.22,347.51,237.17
11/17/2022,2304.62,582.22,1547.21,1094.215,166.9,833.02,770.79,705.52,499.41,341.28,235.22
11/18/2022,2307.6,586.71,1565.77,1094.654,166.31,838.94,778.78,699.19,502.64,348.1,238.25
11/21/2022,2281.53,588.69,1566.48,1079.211,164.96,842.06,786.39,689.46,504.54,349.83,239.96
11/22/2022,2325.53,594.73,1580.33,1091.888,167.15,848.4,792.03,711.39,515.8,352.78,241.07
11/23/2022,2345.86,596.95,1585.76,1106.365,169.18,851.7,794.68,703.13,517.93,356.44,241.43
11/25/2022,2330.19,599.37,1595.63,1107.04,167.99,854.86,795.14,701,517.32,358.67,242.98
11/28/2022,2280.52,588.73,1583.67,1100.385,165.39,839.42,792.68,681.81,505.94,354.83,236.18
11/29/2022,2258.28,592.65,1579.99,1095.492,164.84,844.62,789.76,690.53,507.45,352.24,240.21
11/30/2022,2371.98,602.43,1618.69,1133.646,172.94,858.06,804.18,694.3,519.72,361.25,245.82
12/1/2022,2373.66,598.13,1622.56,1132.416,173.45,858.03,800.38,691.37,519.55,360.58,245.05
12/2/2022,2360.63,595.56,1626.18,1130.286,173.55,863.37,803.89,687.2,525.28,358.89,244.03
12/5/2022,2321.54,580.68,1610.11,1096.925,170.94,848.65,794.23,667.01,515.03,356.75,239.84
12/6/2022,2271.92,575.7,1598.13,1079.116,166.54,838.91,788.85,649.35,510.5,359.12,237.95
12/7/2022,2260.23,573.1,1611.67,1073.981,164.99,837.76,791.81,647.47,509.25,357.43,238.56
12/8/2022,2296.23,573.96,1626.07,1085.236,164.16,842.55,795.26,644.46,512.69,359.44,240
12/9/2022,2281.8,572.33,1605.2,1079.62,164.19,835.7,789.18,629.47,507.77,357.73,239.51
12/12/2022,2331.38,579.55,1621.85,1083.791,165.35,849.99,797.34,645.12,512.32,365.85,241.66
12/13/2022,2357.99,581.26,1626.3,1085.926,168.16,853.02,796.01,656.54,519.21,367,246.59
12/14/2022,2337.75,573.74,1628.65,1078.043,166.72,851.42,795.43,652.33,513.45,366.41,244.09
12/15/2022,2249.46,562.23,1598.35,1058.81,160.31,830.55,782.22,648.88,497.94,361.77,240.96
12/16/2022,2220.94,558.05,1575.84,1040.396,160.14,826.54,778.1,640.28,495.88,355.76,233.82
12/19/2022,2189.5,556.76,1570.16,1023.136,156.64,822.28,777.78,641.14,489.24,354.29,231.2
12/20/2022,2192.93,558.46,1569.24,1011.567,157.77,823.45,777.64,650.86,492.42,354.51,230.58
12/21/2022,2229.68,567.97,1589.73,1027.582,159.64,838.65,784.02,663.17,496.54,359.32,232.69
12/22/2022,2173.04,562.43,1587.22,1000.968,157.8,828.14,781.76,647.84,491.86,357.04,231.75
12/23/2022,2175.54,565.89,1588.53,1008.097,159.5,832.86,785.87,668.33,495.38,360.8,233.8
12/27/2022,2154.38,565.7,1584.31,991.5471,157.62,835.58,789.55,675.96,495.53,363.03,233.47
12/28/2022,2118.97,563.33,1574.23,983.0622,155.24,824.6,779.62,660.95,488.12,359.52,229.75
12/29/2022,2174.9,571.41,1590.7,1008.32,159.41,834.7,782.78,667.27,493.23,361.96,234.71
12/30/2022,2172.17,569.74,1585.54,1005.483,159.37,831.4,779.13,672.34,489.55,358.48,232.37
1/3/2023,2150.31,571.88,1580.97,999.5387,161.59,833.12,777.29,647.97,489.04,358.5,233.09
1/4/2023,2155.82,580.95,1584.91,1013.672,163.36,840.73,779.53,648.34,497.55,361.86,238.42
1/5/2023,2113.63,575.62,1568.57,1004.03,162.46,831.6,771.85,661.25,489.6,353.82,231.52
1/6/2023,2176.86,588.73,1582.51,1028.103,165.26,854,792.74,672.35,506.45,361,238.14
1/9/2023,2200.61,586.18,1556.25,1033.926,165.27,850.41,784.59,669.19,509.49,363.3,238.01
1/10/2023,2214.14,589.99,1569.24,1046.97,167.4,855,783.33,674.21,514.7,363.46,238.83
1/11/2023,2252.98,595.06,1578.26,1075.023,169.64,863.19,783.83,676.61,522.98,366.58,247.43
1/12/2023,2269.26,596.43,1572.1,1076.865,171.05,868.1,777.62,689.26,524.63,364.23,250.12
1/13/2023,2276.98,600.66,1579.53,1087.352,171.98,867.03,781.2,690.21,528.16,362.63,248.6
1/17/2023,2286.94,596.59,1571.65,1088.106,170.4,859.73,781.17,691.07,522.5,362.18,248.8
1/18/2023,2257.63,585.64,1549.37,1073.99,168.82,843.87,760.45,678.87,515.28,353.46,244.92
1/19/2023,2231.84,578.61,1552.99,1055.812,170.34,826.29,752.72,686.38,511.31,349.93,243.82
1/20/2023,2292.54,588.16,1561.79,1081.813,177.09,837.89,758.85,695.32,521.77,351.99,246.74
1/23/2023,2344.75,594.75,1566.24,1098.787,180.24,847.05,761.11,693.91,523.43,352.14,247.33
1/24/2023,2343.86,595.37,1556.12,1096.897,178.99,852.53,764.03,692.41,523.64,353.85,248.33
1/25/2023,2337.67,599.75,1556.28,1102.832,178.35,848.01,766.19,691.78,524.7,349.03,248.6
1/26/2023,2375.4,602.72,1558.72,1125.24,181.3,852.73,764.07,714.77,527.24,350.38,251.33
1/27/2023,2385.91,603.02,1547.92,1150.81,182.9,855.73,762.14,700.58,525.46,350.27,253.7
1/30/2023,2339.64,599.89,1533.57,1131.095,179.61,847.44,762.71,684.53,521.79,348.68,250.56
1/31/2023,2373.29,607.9,1553.43,1156.216,182.04,861.96,770.91,690.59,533.4,351.17,255.26
2/1/2023,2427.68,608.01,1560.94,1178.102,184.49,868.1,776.77,677.53,536.88,351.81,257.12
2/2/2023,2495.25,609.12,1550.33,1214.416,196.92,874.82,770.11,660.47,535.36,352.35,262.86
2/3/2023,2475.27,608.5,1546.32,1176.669,192.55,870.28,766.84,658.95,525.63,345.05,257.51
2/6/2023,2445,607.64,1537.1,1175.117,190.03,868.47,767.03,656.34,519.96,348.04,255.77
2/7/2023,2505.26,614.71,1547,1177.704,194.74,870.62,764.28,676.54,526.71,347.76,254.98
2/8/2023,2473.94,611.27,1542.24,1167.169,186.69,865.51,757.91,670.76,522.45,341.81,254.23
2/9/2023,2461.49,603.75,1528.98,1164.749,181.47,857.89,755.67,665.97,515.1,336.99,251.66
2/10/2023,2448.02,606.18,1543.3,1150.548,179.86,864.22,762.7,692.1,516.93,343.74,252.33
2/13/2023,2491.47,612.87,1556.1,1167.371,181.84,871.83,771.64,687.91,519.56,345.75,254.39
2/14/2023,2502.34,609.58,1546.71,1181.105,181.85,869.36,764.47,687.78,520.68,344.09,251.75
2/15/2023,2511.94,610.53,1538.77,1194.853,183.97,874.82,765.89,675.54,522.99,346.29,252.4
2/16/2023,2467.9,604,1523.11,1168.995,181.12,865.28,759.8,668.58,516.98,343.42,250.05
2/17/2023,2438.44,604.28,1536.74,1169.446,180.27,870.74,769.6,644.2,512,346.85,248.92
2/21/2023,2379.85,592.12,1515.77,1130.377,176.14,850.77,767.01,642.23,503.68,340.31,244.05
2/22/2023,2376.46,590.93,1510.83,1136.213,176.05,848.54,764.96,637.29,507.08,338.88,241.57
2/23/2023,2415.19,591.76,1514.87,1135.214,174.89,851.92,763.31,645.39,508.01,337.24,243.94
2/24/2023,2372.37,592.38,1495.64,1117.473,172.39,846.99,758.81,645.32,511.33,337.17,239.51
2/27/2023,2384.73,592.03,1491.02,1130.63,173.11,854.04,757.41,647.35,512.51,334.59,239.86
2/28/2023,2380.26,593.02,1480.18,1130.009,173.53,851.88,751.73,638.01,514.81,328.82,239.77
3/1/2023,2360.87,590.77,1477.49,1115.491,172.47,855.08,746.03,650.37,518.32,323.16,236.2
3/2/2023,2390.7,587.65,1486.05,1111.95,174.36,865.34,755.09,655.85,524.56,329.05,239.08
3/3/2023,2441.83,597.05,1503.32,1135.495,178.02,874.52,755.69,664.3,531.9,334.84,243.23
3/6/2023,2454.86,597.36,1502.39,1127.45,178.83,872.77,758.17,664.95,523.14,336.28,242.25
3/7/2023,2423.82,582.2,1478.1,1112.054,176.78,861.7,750.78,653.32,512.73,330.71,236.18
3/8/2023,2444.24,579.84,1469.81,1109.194,177.12,863.67,751.67,646.63,515.12,333.28,239.3
3/9/2023,2408.92,556.04,1454.63,1083.028,173.18,851,744.56,637.81,502.05,330.48,233.81
3/10/2023,2366.99,546.28,1443.91,1072.428,170.71,835.48,741.17,628.78,491.26,325.2,226.2
3/13/2023,2380,525.63,1457.14,1074.903,171.13,830.38,744.68,616.47,485.89,330.22,229.83
3/14/2023,2434.58,535.56,1470.02,1093.235,175.84,839.14,750.65,621.92,491.94,334.46,231.76
3/15/2023,2435.24,520.33,1467.49,1090.94,178.48,818.08,755.75,588.2,475.82,338.93,231.77
3/16/2023,2503.8,530.45,1481.54,1111.482,183.43,828.48,755.19,593.72,481.41,341.2,231.63
3/17/2023,2500.96,513.02,1462.81,1097.665,182.56,815,750.63,584.64,474,337.87,226.38
3/20/2023,2506.74,519.15,1481.55,1101.9493,183.44,826.06,760.78,596.98,483.52,340.62,228.79
3/21/2023,2527.62,532.33,1490.34,1131.8374,187.93,835.38,759.84,617.6,489.45,333.62,227.29
3/22/2023,2504.44,519.7,1468.05,1106.9415,184.88,819.46,752.38,604.56,480.84,327.02,219.01
3/23/2023,2545.76,516.28,1465.45,1106.385,188.27,817.61,749.13,596.32,480.17,323.73,217.66
3/24/2023,2552.04,515.97,1484.65,1102.47,188.77,820.48,761.34,598.03,484.05,333.82,223.26
3/27/2023,2530.32,523.2,1490.71,1104.438,186.74,827.24,765.48,610.6,487.64,334.24,222.45
3/28/2023,2518.77,522.9,1482.27,1103.197,184.84,831.74,767.18,619.44,490.07,335.22,221.87
3/29/2023,2571.52,530.74,1485.81,1124.224,187.03,843.55,771.29,628.71,496.86,340.04,227
3/30/2023,2600.86,529.19,1493.96,1134.302,187.63,845.47,773.93,630.9,500.05,341.42,229.76
3/31/2023,2638.98,535.28,1510.73,1163.981,191.53,856.59,780.38,634.9,507.92,344.01,234.78
4/3/2023,2637.78,536.36,1527.04,1153.351,192.54,858.21,784.39,666.07,511.23,341.52,232.56
4/4/2023,2622.43,530.93,1527.4,1152.524,193.13,838.88,782.48,654.61,503.73,343.3,232.6
4/5/2023,2591.17,530.18,1553.83,1129.035,192.71,827.97,786.82,663.91,502.61,352.13,231.38
4/6/2023,2608.75,531.81,1557.33,1129.588,196,827.76,787.45,654.14,501.51,354.72,232.97
4/10/2023,2604.91,533.25,1556.75,1134.394,194.65,835.19,787.34,658.37,503.98,354.01,234.1
4/11/2023,2578,537.78,1561.36,1134.57,193.82,840.11,789.24,664.24,507.65,354.24,235.18
4/12/2023,2562.26,536.69,1561.6,1117.092,192.09,842.91,785.7,664.99,508,353.83,234.47
4/13/2023,2612.33,541.3,1580.81,1142.934,196.57,846.09,790.06,669.04,513.11,353.91,233.52
4/14/2023,2599.12,547.01,1568.38,1144.403,197.18,845.07,785.47,670.32,509.65,349.97,229.59
4/17/2023,2609.33,553.18,1566.76,1152.152,194.68,851.74,790.1,661.8,512.64,351.97,234.71
4/18/2023,2619.95,554.91,1556.5,1153.588,193.42,855.69,792.68,664.75,514.68,350.17,234.35
4/19/2023,2616.53,556.33,1560.92,1153.854,192.02,855.09,792.29,663.08,513.07,352.91,235.64
4/20/2023,2596.7,554.56,1554.15,1136.781,190.55,853.51,792.75,657.19,512.69,352.72,232.84
4/21/2023,2587.05,552.37,1564.68,1150.47,191.16,851.44,798.68,653.3,508.05,353.78,233.24
4/24/2023,2576.08,551.26,1573.41,1149.635,191.14,853.37,801.87,663.35,511.57,355.54,232.52
4/25/2023,2522.36,541.55,1556.86,1126.098,188.12,837.71,800.94,651.16,500.58,355.2,230.39
4/26/2023,2566.05,536.37,1534.96,1121.809,186.95,822.05,795.05,642.83,494.68,346.78,228.49
4/27/2023,2621.78,544.95,1542.8,1152.85,197.28,838.37,803.31,645.68,501.4,350.94,234.04
4/28/2023,2649.95,551.42,1555.39,1152.416,198.35,846.11,807.2,655.2,507.06,350.26,236.74
5/1/2023,2654.81,549.94,1564.51,1140.151,198.2,850.77,807.92,646.97,506.87,350.98,234.56
5/2/2023,2630.12,537.3,1556.88,1141.941,194.67,841.85,805.32,619.28,502.06,346.67,230.49
5/3/2023,2608.26,530.92,1555.15,1133.791,194.34,838.62,798.98,607.37,496.5,345.58,229.12
5/4/2023,2595.47,524.05,1542.58,1125.898,191.9,829.44,796.63,600.65,493.32,348.11,231.23
5/5/2023,2665.88,536.83,1556.81,1148.4,193.81,841.93,803.74,617.15,501.5,350.42,234.77
5/8/2023,2665.41,537.96,1553.41,1151.901,196.28,838.82,801.94,617.61,500.01,349.28,233.16
5/9/2023,2642.62,535.97,1542.68,1152.097,195.26,840.28,799.5,617.83,495.34,348.57,232.22
5/10/2023,2674.99,532.87,1546.86,1159.341,198.56,837.56,798.32,610.73,495.59,351.86,234.5
5/11/2023,2662.98,531.79,1541.67,1165.734,201.84,832.15,800.82,603.13,490.69,347.84,232.11
5/12/2023,2657.03,529.6,1538.82,1155.362,202.22,832.24,803.68,603.84,491.53,349.38,232.46
5/15/2023,2676.65,533.93,1536.3,1156.979,202.16,836.46,801.49,605.06,495.69,345.04,231.91
5/16/2023,2680.98,528.76,1523.76,1154.047,203.36,825.06,794.47,589.71,487.54,337.12,225.85
5/17/2023,2715.38,539.82,1525.24,1177.588,205.76,839.09,793.66,601.93,490.79,335.92,228.77
5/18/2023,2771.43,543.6,1521.53,1195.747,209.44,844.69,790.14,604.88,493.48,334.71,227.22
5/19/2023,2768.34,541.16,1528.47,1185.731,208.41,842.42,790.19,609.3,494.76,334.15,226.87
5/22/2023,2771.98,542.38,1529.13,1181.372,210.85,842.45,778.59,606.94,492.05,334.24,228.39
5/23/2023,2730.44,535.76,1511.87,1171.088,207.73,832.07,773.06,613.23,484.49,333.1,225.47
5/24/2023,2713.42,528.74,1501.91,1168.375,206.48,821.53,768.05,616.43,479.04,331.01,220.49
5/25/2023,2834.06,528.91,1486.3,1162.342,207.37,824.03,762.16,604.77,477.22,326.45,221.1
5/26/2023,2909.97,532.82,1483.73,1190.011,210.92,830.39,764.84,602.51,479.21,326.14,223.68
5/30/2023,2928.21,532.81,1473.78,1199.025,210.77,828.48,756.55,596.86,476.37,324.86,224.29
5/31/2023,2896.25,526.72,1486.29,1188.045,210.66,816.88,757.09,585.66,471.02,327.97,225.76
6/1/2023,2934.83,532.48,1496.25,1202.503,213.08,827.19,756.44,592.86,476.86,325.4,225.83
6/2/2023,2949.82,544.11,1516.22,1228.922,213.29,851.69,766.99,610.41,492.95,328.7,230.54
6/5/2023,2933.3,541.05,1522.04,1233.186,214.52,845.64,764.31,606.86,492.46,330.17,229.34
6/6/2023,2929.66,548.25,1508.67,1245.435,215.58,850.74,760.72,611.05,495.67,329.95,230.86
6/7/2023,2882.29,550.06,1502.41,1234.143,211.55,864.24,758.22,627.22,501.5,335.56,234.91
6/8/2023,2916.83,549.44,1512.14,1253.447,212.11,865.78,763.84,624.43,499.75,336.93,233.44
6/9/2023,2930.38,549.85,1515.05,1258.94,212.39,863.48,762.95,620.82,495.64,334.98,232.11
6/12/2023,2991.18,549.34,1522,1280.785,214.93,869.48,763,614.8,497.82,334.42,232.17
6/13/2023,3012.51,552.72,1530.05,1293.653,215.52,879.55,766.19,617.67,509.43,334.21,233.6
6/14/2023,3046.95,550.7,1512.91,1292.234,215.8,876.99,770.46,610.77,507.22,333.98,234.35
6/15/2023,3085.83,557.62,1536.36,1301.039,219.12,890.25,777.63,617.1,511.54,337.51,235.15
6/16/2023,3060.37,556.4,1536.25,1298.652,216.92,888.91,777.99,616.43,512.1,339.29,234.88
6/20/2023,3046.87,552.58,1533.99,1308.392,216.29,882.17,772.16,602.31,505.67,335.33,232.28
6/21/2023,3003.82,551.54,1534.94,1293.073,213.36,887.17,775.15,607.85,507.46,338.15,231.24
6/22/2023,3031.52,547.44,1544.88,1312.906,215.81,880.85,779.13,599.93,505.99,335.59,227.92
6/23/2023,2998.1,545.15,1539.92,1298.396,215.28,874.25,774.52,595.17,502.04,330.51,225.41
6/26/2023,2967.11,544.08,1530.7,1282.197,211.23,881.18,774.79,605.37,507.06,333.75,230.4
6/27/2023,3027.7,547.93,1527.64,1308.582,213.6,892.24,777.41,606.74,514.15,333.89,232.96
6/28/2023,3026.94,546.94,1522.26,1311.836,215.31,891.9,772.81,612.9,510.66,328.95,233.45
6/29/2023,3030.78,556.09,1532.09,1312.578,213.95,900.26,771.64,619.71,517.14,328.8,235.47
6/30/2023,3085.84,561.11,1548.62,1330.54,216.08,908.09,778.82,623.56,521.93,332.8,236.67
7/3/2023,3076.34,564.14,1535.95,1344.836,216.36,908.72,784.19,625.5,523.53,335.02,238.68
7/5/2023,3059.1,562.76,1535.16,1345.966,218.97,903.24,783.46,622.11,510.6,338.7,239.79
7/6/2023,3054.18,557.65,1521.86,1323.819,216.64,896.56,780.76,606.87,506.98,334.61,238.35
7/7/2023,3040.87,558.53,1504.14,1326.166,215.39,898.61,770.3,619.4,511.46,332.14,237.16
7/10/2023,3040.34,561,1516.29,1327.596,213.41,911.11,770.56,624.08,511.42,330.75,237.98
7/11/2023,3046.22,567.7,1516.35,1338.987,215.66,922.06,771.61,637.81,516.39,334.86,240.76
7/12/2023,3084.39,571.29,1512.18,1351.808,218.91,920.19,773.42,643.57,523.07,339.77,241.82
7/13/2023,3130.5,573.39,1511.97,1366.415,223.99,921.59,776.83,640.65,527.19,341.06,243.44
7/14/2023,3125.78,569.49,1534.69,1370.103,222.63,918.53,779.52,623.02,524.15,339.66,243.4
7/17/2023,3167.43,575.21,1528.05,1374.46,221.18,922.4,777.21,622.26,524.56,335.66,241.37
7/18/2023,3207.29,581.68,1538.75,1378.251,222.03,927.62,776.21,628.35,528.63,333.06,239.4
7/19/2023,3198.51,584.28,1546.36,1385.453,222.54,927.15,783.42,631.64,525.9,336.45,242.07
7/20/2023,3133.23,588.34,1571.85,1338.34,217.01,930.92,789.64,639.8,527.18,342.67,241.11
7/21/2023,3123.42,586.32,1587.77,1338.827,215.92,926.65,792.31,645,527.18,347.8,242.17
7/24/2023,3131.47,592.27,1584.08,1345.844,216.92,928.85,795.36,655.7,528.81,346.82,244.58
7/25/2023,3168.67,587.92,1583.09,1342.7963,217.84,927.64,794.95,659.42,538.13,347.57,242.76
7/26/2023,3127.59,591.76,1581.85,1341.957,223.61,933.79,796.63,658.83,536.6,347.41,243.59
7/27/2023,3117.01,584.11,1569.73,1330.337,225.52,926.15,790.16,655.25,533.01,341.41,238.42
7/28/2023,3163.09,584.9,1574.35,1354.991,230.71,931.88,797.98,655.86,536.71,340.51,237.81
7/31/2023,3167.14,587.5,1561.85,1362.524,230.64,934.02,794.32,668.98,539.48,340.62,239.48
8/1/2023,3169.9,587.32,1553.85,1346.883,229.97,936.97,790.27,665.88,537.08,336.34,239.18
8/2/2023,3087.76,582.12,1554.75,1322.052,225.2,926.84,792.25,656.96,530.46,336.32,238.12
8/3/2023,3078,582.52,1547.02,1326.591,224.82,921.18,790.9,663.21,527.26,328.62,234.9
8/4/2023,3032.03,580.02,1541.39,1351.902,224.13,915.16,782.82,663.38,525.84,324.65,232.57
8/7/2023,3040.07,587.93,1559.63,1366.757,228.35,926.67,789.49,664.37,529.5,324.58,235.39
8/8/2023,3016.48,582.79,1571.85,1354.896,227.82,922.41,784.29,667.6,523.95,326.18,234.32
8/9/2023,2970.92,578.26,1571,1338.635,224.99,921.61,785.3,675.77,521.5,326.74,234.78
8/10/2023,2971.24,578.7,1570.32,1342.322,225.95,919.02,783.7,676.29,521.97,325.71,234.05
8/11/2023,2944.98,579.89,1579.26,1338.528,224.86,919.97,785.16,686.84,520.56,327.38,234.49
8/14/2023,2999.57,578.82,1584.46,1343.804,227.19,920.24,781.06,684.56,521.55,324.66,233.23
8/15/2023,2972.16,568.42,1578.77,1325.405,224.89,908.52,773.12,667.84,512.97,319.17,230.74
8/16/2023,2945.89,567.22,1566.51,1308.55,222.18,903.49,770.97,661.8,509.56,320.63,227.96
8/17/2023,2917.48,564.39,1554.53,1287.833,220.87,895.89,763.15,669.15,508.63,319.56,226.26
8/18/2023,2920.74,563.68,1554.39,1283.672,218.7,896.96,765.98,675.43,508.2,320.8,226.89
8/21/2023,2986.82,563.17,1555.86,1298.403,220.46,895.72,761.08,671.21,508.31,318.89,224.9
8/22/2023,2979.6,558.22,1550.13,1299.579,220.85,893.9,757.05,666.07,507.91,319.73,225.53
8/23/2023,3036.8,563.42,1554.7,1310.369,225.05,902.79,761.79,664.05,508.83,321.18,228.83
8/24/2023,2971.46,562.06,1542.82,1284.072,220.47,891.79,755.92,659.12,506.62,319.15,227.89
8/25/2023,2995.81,563.99,1552.14,1298.212,220.84,899.43,760.16,666.18,507.99,321.65,228.5
8/28/2023,3020.2,567.31,1555.76,1302.979,223.16,906.49,763.63,671.02,511.73,321.52,230.27
8/29/2023,3083.96,572.28,1568.67,1333.64,228.65,913.52,766.77,673.02,520.31,322.42,232.92
8/30/2023,3109.67,572.97,1568.21,1338.039,229.46,917.54,768.11,676.45,521.1,321.05,233.73
8/31/2023,3121.19,570.68,1549.31,1344.813,229.72,912.89,763.99,677.49,520.84,317.74,231.96
9/1/2023,3128.21,575.27,1552.95,1337.524,228.48,917.58,757.65,691.39,526.13,316.1,231.8
9/5/2023,3140.43,569.76,1538.28,1336.362,228.58,902.08,751.36,694.76,516.63,311.22,229.6
9/6/2023,3097.26,568.79,1528.93,1323.382,227.34,897.77,749.91,695.76,514.9,311.85,229.07
9/7/2023,3048.62,567.66,1536.18,1330.023,227.59,894.94,752.45,694.25,512.62,315.79,230.7
9/8/2023,3054.92,569,1535.49,1330.463,228.39,890.79,753.62,700.97,513.26,318.83,229.25
9/11/2023,3068.78,571.1,1545.94,1367.309,231.06,890.73,759.88,691.75,515.4,319.9,229.3
9/12/2023,3015.2,575.94,1543.35,1355.072,228.61,887.43,754.5,707.71,514.14,320.31,229.22
9/13/2023,3024.55,575.36,1543.72,1367.222,229.52,881.52,756.43,702.32,511.09,324.17,226.86
9/14/2023,3045.82,580.37,1547.62,1379.214,232.23,890.21,762.61,711.19,518.25,328.95,230.74
9/15/2023,2986.56,577.18,1536.19,1353.311,229.65,885.46,756.39,701.84,512.61,327.33,229.57
9/18/2023,3000.66,579,1533.43,1339.683,230.26,886.46,757.03,706.64,510.41,327.16,227.7
9/19/2023,2998.35,578.36,1534.89,1331.012,230.28,882.34,755.14,700.75,509.91,325.37,226.43
9/20/2023,2945.21,574.53,1535.17,1316.468,225.93,878.91,756.31,694.06,504.66,325.71,226.72
9/21/2023,2900.48,565.24,1521.02,1278.565,222.44,864.62,746.41,684.42,494.34,322.19,218.83
9/22/2023,2908.04,561.05,1518.09,1267.4,222.24,861.67,742.89,685.48,493.72,321.67,217.26
9/25/2023,2921.63,561.9,1526.27,1275.842,223.09,865.64,739.72,694.25,497.67,321.04,216.89
9/26/2023,2869.64,554.36,1513.1,1249.977,220.09,852.5,733.06,690.76,490.44,311.26,213.03
9/27/2023,2874.46,553.24,1505.61,1245.242,221.27,859,727.42,708.08,490.52,305.25,211.27
9/28/2023,2894.2,557.08,1512.8,1257.299,223.84,862.66,729.21,708.16,495.65,298.58,213.07
9/29/2023,2905.56,552.16,1501.22,1263.996,222.21,857.57,727.36,694.19,494.54,299.2,213.82
10/2/2023,2944.16,547.53,1499.6,1267.5988,225.47,849.73,722.67,680.95,488.08,285.09,210.08
10/3/2023,2890.63,538.38,1485.96,1234.724,222.32,843.45,717.62,680.8,486.63,288.42,206.09
10/4/2023,2926.8,542.83,1492.7,1259.1003,225.17,846.68,722.87,657.91,492.44,288.17,208.42
10/5/2023,2934.14,544.91,1500.08,1251.9535,224.89,841.3,707.91,654.09,486.23,286.59,209.82
10/6/2023,2991.1,549.36,1515.28,1260.715,228.99,852.5,704.51,656.79,490.89,290.51,210.54
10/9/2023,3003.98,549.55,1520.7,1262.976,231.17,866.19,704.98,680.01,491.61,293.44,213.27
10/10/2023,3008.59,553.79,1528.21,1276.751,231.67,871.17,712.57,679.89,496.92,297.42,213.92
10/11/2023,3038.92,554.41,1521.7,1282.902,234.15,876.6,708.01,670.72,498.08,302.27,218.23
10/12/2023,3042.1,550.92,1507.53,1270.663,231.56,868.42,699.88,671.31,490.53,297.75,215.38
10/13/2023,2995.79,552,1516.76,1252.156,228.5,860.99,705.78,686.44,488.74,301,215.3
10/16/2023,3025.04,557.61,1528.16,1272.815,231.86,870.04,712.68,690.94,493.24,304.15,217.5
10/17/2023,3001.63,560.69,1526.17,1273.586,232.85,872.77,716.29,697.7,498.22,303.42,216.33
10/18/2023,2964.73,551.15,1512.5,1243.933,229.16,851.56,719.09,704.21,485.38,300.57,211.61
10/19/2023,2951.79,544.27,1497.94,1216.55,229.91,843.88,713.52,703.32,480.13,297.76,206.44
10/20/2023,2901.99,535.85,1492.01,1196.393,227.26,835.2,710.82,691.1,473.96,294.62,205.32
10/23/2023,2914.17,532.04,1482.61,1198.953,228.9,831.32,708.88,679.91,468.88,292.2,203.59
10/24/2023,2934.84,535.62,1486.89,1211.393,232.07,837.28,715.66,670.27,474.16,299.72,206.01
10/25/2023,2900.01,534.02,1473.55,1182.293,218.4,826.65,717.99,669.21,468.75,301.18,201.75
10/26/2023,2837.05,532.86,1459.17,1163.811,212.77,822.99,713.48,663.88,472.11,303.77,206.09
10/27/2023,2853.48,522.93,1434.27,1183.569,212.97,815.8,703.8,648.58,471.83,298.27,202.79
10/30/2023,2887.42,531.85,1442.11,1198.529,217.36,825.79,714.73,650.56,476.48,300.29,203.41
10/31/2023,2903.54,537.67,1451.16,1207.028,217.76,832.11,717.39,652.01,478.64,302.87,207.55
11/1/2023,2963.95,541.07,1453.86,1224.347,221.76,834.83,716.98,649.85,479.1,306.19,208.61
11/2/2023,3014.77,554.06,1476.63,1253.7,223.78,851.96,725.98,670.03,488.32,311.97,215.06
11/3/2023,3048.66,561.39,1484.19,1268.856,226.89,858.95,726.66,663.24,495.88,313.83,220.12
11/6/2023,3072.54,559.22,1494.01,1271.197,227.26,856.73,727.93,655.32,493.33,312.95,217.01
11/7/2023,3105.82,558.52,1494.7,1286.301,228.51,854.53,729.45,640.68,484.1,310.66,215.11
11/8/2023,3125.63,558.88,1492.6,1283.036,228.77,856.86,726.37,632.87,485.34,308.38,216.35
11/9/2023,3113,556.59,1461.25,1259.719,228.08,854.76,723.45,631.14,481.23,304.11,213.09
11/10/2023,3193.75,562.95,1469.99,1280.591,231.9,866.21,728.23,637.88,486.8,305.68,215.43
11/13/2023,3176.59,562.07,1478.3,1284.309,231.45,867.01,730.89,642.39,486.12,301.89,213.66
11/14/2023,3237.46,573,1488.62,1326.911,234.73,884.71,737.43,645.88,500.27,313.79,225.03
11/15/2023,3234.96,576.27,1489.59,1326.389,236.13,886.47,742.58,643.71,502.62,312.75,225.4
11/16/2023,3256.9,578.13,1495.29,1314.317,238.36,885.93,733.69,630.13,503.85,314.16,225.47
11/17/2023,3247.72,581.31,1492.44,1323.931,237.25,891.12,732.38,643.5,504.69,314.76,225.03
11/20/2023,3296.49,583.2,1500.21,1330.783,239.74,894.01,732.32,644.25,505.47,313.79,226.81
11/21/2023,3268.99,582.98,1509.34,1325.777,239.71,893.54,734.9,642.91,507.47,314.48,225.74
11/22/2023,3278.09,585.27,1517.49,1332.358,241.83,895.24,740.11,642.21,508.07,315.54,226.57
11/24/2023,3267.66,587.2,1525.24,1334.139,240.22,897.82,742.94,645.08,509.8,316.5,227.39
11/27/2023,3269.1,585.54,1515.55,1336.706,239.08,892.65,741.16,642.52,509.33,316.8,228.25
11/28/2023,3275.35,584.95,1507.92,1343.9,239.86,890.49,744.14,642.89,510.33,317.79,229.43
11/29/2023,3275.7,589.09,1508.21,1339.137,237.17,893.39,738.13,637.21,512.25,315.29,231.11
11/30/2023,3273.08,595.09,1527.1,1336.907,234.77,902.92,744.26,641.28,517.2,316.57,233.02
12/1/2023,3278.62,599.47,1532.57,1353.935,234.23,917.07,747.05,644.36,522.84,320.51,237.93
12/4/2023,3235.71,599.46,1535.76,1347.653,231.02,918.95,747.79,641.4,516.63,319.25,239.2
12/5/2023,3262.11,596.43,1533.18,1351.918,231.53,911.04,741.87,630.48,509.54,316.65,238.12
12/6/2023,3231.75,593.43,1534.12,1351.435,230.45,915.35,740.2,620.13,508.74,321.02,237.31
12/7/2023,3273.2,595.82,1532.92,1363.541,237.87,915.94,742.59,616.35,512.15,320.25,237.53
12/8/2023,3302.74,598.79,1535.68,1369.429,237.5,918.97,737.75,623.22,513.85,319.56,236.99
12/11/2023,3316.6,602.87,1545.1,1371.134,235.02,927.24,744.87,623.99,517.5,321.68,237.76
12/12/2023,3344.07,607.17,1552.29,1376.601,235.48,931.51,747.17,615.54,520.43,320.37,237.65
12/13/2023,3373.84,616.93,1580.62,1395.22,237.02,942.14,760.76,623.23,526.66,332.28,246.15
12/14/2023,3362.37,622.67,1571.96,1410.218,236.92,953.7,749.45,641.58,535.49,328.04,252.61
12/15/2023,3386.07,620.17,1558.59,1416.962,237.27,951.8,749.43,638.29,534.42,322.36,249.47
12/18/2023,3395.14,621.04,1561.53,1428.181,241.75,952.49,757.52,643.17,534.74,321.4,248.59
12/19/2023,3403.3,625.85,1571.98,1438.2,243.98,959.43,759.22,651.04,539.63,323.21,250.32
12/20/2023,3350.76,615.11,1549.01,1413.106,243.85,943.72,743.89,644.74,531.67,316.81,247.03
12/21/2023,3386.8,620.49,1567.63,1433.496,246.58,953.77,749.01,647.26,537.07,317.22,249.3
12/22/2023,3388.11,621.91,1575.27,1424.208,247,957.94,754.16,648.91,540.47,318.28,250.1
12/26/2023,3401.61,624.43,1578.69,1429.188,247.55,964.9,757.5,654.57,542.87,320.34,252.06
12/27/2023,3402.42,625.93,1586.03,1432.994,247.02,966.59,760.86,651.12,544.23,319.96,253.22
12/28/2023,3406.64,628.1,1589.86,1427.136,247.24,966.65,761.08,641.58,541.72,322.21,254.57
12/29/2023,3397.16,626.35,1590.36,1418.085,246,964.73,762.32,640.05,539.62,321.92,251.58
1/2/2024,3309.49,628.79,1618.4,1405.009,243.76,955.58,771.02,647.67,538.56,326.37,253.92
1/3/2024,3275.73,623.67,1616.21,1378.565,244.01,941.16,765.53,657.5,532.58,327.65,247.95
1/4/2024,3254.64,625.14,1623.72,1365.244,242.32,942.06,764.4,646.81,530.82,326.58,247.28
1/5/2024,3259.48,628.43,1623.32,1369.16,243.15,944,762.55,647.23,531.94,327.84,246.8
1/8/2024,3348.98,632.18,1636.96,1393.36,247.39,949.5,767.99,639.69,534.14,330.21,250.33
1/9/2024,3357.51,627.82,1637.63,1391.475,247.71,947.2,769.84,629.29,528.28,327.71,248.49
1/10/2024,3391.17,629.12,1644.44,1405.163,250.6,951.74,768.87,622.93,527.38,327.5,248.82
1/11/2024,3406.05,626.52,1642.58,1404.746,249.96,949.83,768.72,623.93,525.68,319.82,246.44
1/12/2024,3417.85,625.08,1637.75,1390.054,251.52,949.41,771.38,631.77,526.4,321.7,248.37
1/16/2024,3431.18,621.11,1628.69,1387.225,250.46,940.11,767.65,616.6,520.16,318.32,246.85
1/17/2024,3414.11,619.37,1624.75,1374.594,248.87,933.81,766.7,611.42,515.99,313.48,242.23
1/18/2024,3483.46,620.78,1624.94,1383.0865,252.31,946.33,765.87,610.09,518.02,310.18,240.75
1/19/2024,3565.21,630.96,1625.99,1397.23,256.42,952.12,763.37,612.33,518.55,309.79,243.07
1/22/2024,3578.98,633.67,1632.17,1389.985,256.51,959.18,759.82,614.12,520.09,308.19,244.14
1/23/2024,3595.13,634.58,1631.3,1388.007,259.07,958.62,768.01,616.19,521.76,308.9,242.9
1/24/2024,3622.85,637.5,1616.48,1384.654,262.11,952.46,758.56,625.02,514.46,304.64,239.6
1/25/2024,3636.54,640.93,1612.81,1370.131,266.92,961.74,765.57,638.97,520.08,310.09,242.73
1/26/2024,3598.29,642.82,1622.26,1377.669,268,960.37,769.72,643.85,520.05,311.1,241.83
1/29/2024,3633.14,644.76,1633.36,1396.544,270.38,966.47,773.75,642.53,522.74,313.09,243.47
1/30/2024,3606.16,652.47,1637.4,1393.507,268.46,966.92,778.06,649.04,525.07,312.97,241.25
1/31/2024,3529.92,644.54,1635.58,1367.699,257.91,955.86,772.8,636.73,518.41,312.07,239.54
2/1/2024,3578.75,645.13,1656.3,1394.727,260.17,972.12,788.04,636.32,527.02,317.95,243.73
2/2/2024,3625.92,648.01,1654.34,1429.552,272.38,978.44,786.09,637.35,524.02,312.21,240.65
2/5/2024,3647.11,644.03,1659.46,1410.745,270.16,973.18,781.41,635.86,510.79,305.87,235.85
2/6/2024,3629.6,645.85,1677.47,1415.988,269.6,981.85,783.19,637.9,519.5,306.82,239.37
2/7/2024,3681.64,650.32,1681.82,1431.916,272.1,988.17,782.59,638.95,523.71,306.98,239.23
2/8/2024,3686.9,647.11,1678.93,1436.109,273.16,988.7,782.31,645.9,522.74,304.44,240.58
2/9/2024,3742.2,649.17,1678,1450.308,275.17,989.85,775.65,635.81,524.12,305.72,241.26
2/12/2024,3713.25,651.87,1679.64,1446.306,274.67,991.07,780.57,642.49,527.95,309.22,240.37
2/13/2024,3655.37,643.54,1665.05,1417.957,270.98,981.04,772.89,635.13,520.5,304,235.96
2/14/2024,3695.41,649.73,1678.5,1432.441,274.82,997.44,771.4,634.03,523.94,305.64,237.62
2/15/2024,3679.31,660.49,1690.3,1445.113,275.03,1004.31,775.57,649.74,533.78,310.36,243.23
2/16/2024,3650.21,658.55,1695.12,1439.108,270.73,998.28,776.82,649.59,536.49,309.85,240.82
2/20/2024,3603.96,656.11,1688.33,1424.645,270.43,994.74,785.59,643.4,535.28,309.43,240.39
2/21/2024,3576.44,658.16,1692.77,1434.946,270.96,998.9,787.84,655.35,538.34,313.65,242.12
2/22/2024,3731.99,666.89,1713.18,1466.324,275.32,1011.01,790.78,656.15,543.52,311.22,242.71
2/23/2024,3721.99,669.07,1720.8,1461.272,274.75,1016.05,793.18,652.35,546.67,313.42,242.95
2/26/2024,3723.21,665.97,1712.11,1464.585,269.01,1014.9,790.88,654.45,543.46,306.83,240.18
2/27/2024,3725.61,667.74,1707.44,1467.355,271.77,1016.07,790.75,651.63,545.37,312.64,240.27
2/28/2024,3705.1,670.11,1698.75,1472.044,269.27,1019.07,791.46,650.33,546.58,313.58,243.35
2/29/2024,3748.57,670.05,1686.41,1485.305,272.5,1022.56,789.2,653.14,550.91,313.71,245.41
3/1/2024,3815.25,668.58,1702.79,1491.024,273.9,1026.2,788.91,660.81,553.03,311.46,248.07
3/4/2024,3823.11,670.1,1700.53,1472.029,269.75,1030.14,789.81,653.65,556.9,316.59,250.72
3/5/2024,3739.56,670.94,1687.01,1452.746,267.67,1021.62,792.53,658.51,553.97,315.76,247.62
3/6/2024,3773.64,673.66,1698.98,1447.083,267.21,1026.69,798.89,660.77,558.1,318.81,248.98
3/7/2024,3844.99,672.67,1707.3,1459.656,272.12,1035.18,802.83,665.91,564.93,320.74,248.86
3/8/2024,3774.23,673.97,1703.26,1452.394,272.12,1032.45,796.14,668.5,561.79,321.41,251.68
3/11/2024,3760.03,675.28,1702.36,1445.241,271.49,1027.02,800.76,675.18,568.16,323.05,250.45
3/12/2024,3855.48,678.3,1710.55,1459.589,274.68,1031.69,805.84,674.11,567.83,319.84,249.54
3/13/2024,3813.85,682.18,1703.6,1458.025,275.11,1034.2,806.88,684.35,572.99,321.94,248.03
3/14/2024,3809.48,677.32,1696.29,1451.685,276.62,1029.71,800.6,691.9,569.81,319.33,244.04
3/15/2024,3760.29,676.95,1690.34,1435.101,273.37,1030.54,799.72,693.48,570.26,319.7,243.82
3/18/2024,3779.31,680.31,1689.97,1443.979,281.45,1032.26,806.26,696.43,571.21,321.18,243.78
3/19/2024,3803.42,683.61,1701.26,1456.415,280.97,1040.77,809.1,703.95,571.37,324.13,243.79
3/20/2024,3847.26,692.1,1697.3,1477.585,284.52,1053.4,810.99,703.32,576.94,324.55,244.73
3/21/2024,3852.51,697.98,1699.25,1484.431,284.03,1063.94,811.31,707.12,579.25,323.87,245.79
3/22/2024,3869.95,689.52,1696.81,1475.132,286.45,1060.31,806.75,705.67,575.83,324.34,242.74
3/25/2024,3849.92,687.54,1694.13,1471.973,285.45,1053.05,804.58,712.08,575.98,325.83,241.73
3/26/2024,3820.6,688.93,1699.89,1471.294,284.84,1049.22,805.07,706.69,575.35,322.12,240.64
3/27/2024,3825.31,697.35,1722.04,1487.532,285.16,1066,812.84,713.36,583.63,330.99,246.46
3/28/2024,3821.05,701.32,1723.97,1485.487,284.29,1066.71,814.23,721.24,585.16,333.49,248.16
4/1/2024,3829.66,696.94,1708.85,1476.472,288.43,1058.31,807.99,726.95,583.67,331.34,243.76
4/2/2024,3792.67,693.84,1681.16,1457.635,288.69,1052.8,803.36,736.9,581.3,331.9,241.03
4/3/2024,3796.72,693.27,1679.47,1460.799,290.73,1058.21,794.53,741.76,584.94,330.52,241.17
4/4/2024,3731.27,685.17,1655.96,1443.885,286.68,1049.14,790.75,741.34,579.01,329.86,239.3
4/5/2024,3782.91,691.31,1671.02,1457.52,291.3,1064.12,792.47,749.39,584.35,331.02,240.85
4/8/2024,3770.94,693.99,1664.63,1468.414,291.23,1061.84,791.04,744.69,584.53,333.14,242.82
4/9/2024,3776.8,690.49,1671.07,1475.209,291.54,1059.47,795.11,745.11,586.08,334.98,245.95
4/10/2024,3748.77,680.14,1651.9,1457.613,290.89,1050.6,792.37,747.94,577,329.18,235.87
4/11/2024,3837.39,676.18,1643.79,1471.252,294.21,1051.71,790.16,746.47,576.4,328.5,235.93
4/12/2024,3774.45,666.45,1618.87,1447.581,289.83,1040.47,782.99,734.96,566.21,326.08,233.47
4/15/2024,3699.34,663.05,1615.76,1424.1507,285.12,1032.92,779.45,728.34,563.42,323.11,229.33
,,,,,,,,,,,
